State,Offence,Year,Case,Population
New South Wales,Homicide and related offences,1995,167,6143971
New South Wales,Homicide and related offences,1996,198,6214548
New South Wales,Homicide and related offences,1997,221,6274966
New South Wales,Homicide and related offences,1998,239,6338790
New South Wales,Homicide and related offences,1999,267,6409971
New South Wales,Homicide and related offences,2000,262,6485081
New South Wales,Homicide and related offences,2001,313,6558484
New South Wales,Homicide and related offences,2002,256,6599441
New South Wales,Homicide and related offences,2003,233,6634509
New South Wales,Homicide and related offences,2004,149,6669206
New South Wales,Homicide and related offences,2005,153,6718023
New South Wales,Homicide and related offences,2006,176,6786160
New South Wales,Homicide and related offences,2007,162,6883852
New South Wales,Homicide and related offences,2008,153,7001782
New South Wales,Homicide and related offences,2009,143,7101504
New South Wales,Homicide and related offences,2010,133,7179891
New South Wales,Homicide and related offences,2011,153,7258722
New South Wales,Homicide and related offences,2012,107,7353189
New South Wales,Homicide and related offences,2013,131,7454938
New South Wales,Homicide and related offences,2014,107,7562171
New South Wales,Homicide and related offences,2015,104,7671401
New South Wales,Homicide and related offences,2016,100,7795625
New South Wales,Homicide and related offences,2017,77,7900946
New South Wales,Homicide and related offences,2018,102,8003564
New South Wales,Homicide and related offences,2019,116,8088361
New South Wales,Homicide and related offences,2020,99,8094300
New South Wales,Homicide and related offences,2021,81,8117057
New South Wales,Homicide and related offences,2022,79,8264048
New South Wales,Homicide and related offences,2023,79,8437334
New South Wales,Homicide and related offences,2024,124,8541186
New South Wales,Kidnapping/abduction,1995,171,6143971
New South Wales,Kidnapping/abduction,1996,213,6214548
New South Wales,Kidnapping/abduction,1997,273,6274966
New South Wales,Kidnapping/abduction,1998,379,6338790
New South Wales,Kidnapping/abduction,1999,447,6409971
New South Wales,Kidnapping/abduction,2000,385,6485081
New South Wales,Kidnapping/abduction,2001,470,6558484
New South Wales,Kidnapping/abduction,2002,435,6599441
New South Wales,Kidnapping/abduction,2003,421,6634509
New South Wales,Kidnapping/abduction,2004,467,6669206
New South Wales,Kidnapping/abduction,2005,462,6718023
New South Wales,Kidnapping/abduction,2006,450,6786160
New South Wales,Kidnapping/abduction,2007,446,6883852
New South Wales,Kidnapping/abduction,2008,541,7001782
New South Wales,Kidnapping/abduction,2009,381,7101504
New South Wales,Kidnapping/abduction,2010,329,7179891
New South Wales,Kidnapping/abduction,2011,409,7258722
New South Wales,Kidnapping/abduction,2012,348,7353189
New South Wales,Kidnapping/abduction,2013,305,7454938
New South Wales,Kidnapping/abduction,2014,305,7562171
New South Wales,Kidnapping/abduction,2015,257,7671401
New South Wales,Kidnapping/abduction,2016,267,7795625
New South Wales,Kidnapping/abduction,2017,230,7900946
New South Wales,Kidnapping/abduction,2018,212,8003564
New South Wales,Kidnapping/abduction,2019,225,8088361
New South Wales,Kidnapping/abduction,2020,162,8094300
New South Wales,Kidnapping/abduction,2021,210,8117057
New South Wales,Kidnapping/abduction,2022,216,8264048
New South Wales,Kidnapping/abduction,2023,256,8437334
New South Wales,Kidnapping/abduction,2024,241,8541186
New South Wales,Total Physical Offence,1995,338,6143971
New South Wales,Total Physical Offence,1996,411,6214548
New South Wales,Total Physical Offence,1997,494,6274966
New South Wales,Total Physical Offence,1998,618,6338790
New South Wales,Total Physical Offence,1999,714,6409971
New South Wales,Total Physical Offence,2000,647,6485081
New South Wales,Total Physical Offence,2001,783,6558484
New South Wales,Total Physical Offence,2002,691,6599441
New South Wales,Total Physical Offence,2003,654,6634509
New South Wales,Total Physical Offence,2004,616,6669206
New South Wales,Total Physical Offence,2005,615,6718023
New South Wales,Total Physical Offence,2006,626,6786160
New South Wales,Total Physical Offence,2007,608,6883852
New South Wales,Total Physical Offence,2008,694,7001782
New South Wales,Total Physical Offence,2009,524,7101504
New South Wales,Total Physical Offence,2010,462,7179891
New South Wales,Total Physical Offence,2011,562,7258722
New South Wales,Total Physical Offence,2012,455,7353189
New South Wales,Total Physical Offence,2013,436,7454938
New South Wales,Total Physical Offence,2014,412,7562171
New South Wales,Total Physical Offence,2015,361,7671401
New South Wales,Total Physical Offence,2016,367,7795625
New South Wales,Total Physical Offence,2017,307,7900946
New South Wales,Total Physical Offence,2018,314,8003564
New South Wales,Total Physical Offence,2019,341,8088361
New South Wales,Total Physical Offence,2020,261,8094300
New South Wales,Total Physical Offence,2021,291,8117057
New South Wales,Total Physical Offence,2022,295,8264048
New South Wales,Total Physical Offence,2023,335,8437334
New South Wales,Total Physical Offence,2024,365,8541186
New South Wales,Assault,1995,37863,6143971
New South Wales,Assault,1996,47828,6214548
New South Wales,Assault,1997,55995,6274966
New South Wales,Assault,1998,59219,6338790
New South Wales,Assault,1999,63813,6409971
New South Wales,Assault,2000,68714,6485081
New South Wales,Assault,2001,75461,6558484
New South Wales,Assault,2002,80028,6599441
New South Wales,Assault,2003,79890,6634509
New South Wales,Assault,2004,78305,6669206
New South Wales,Assault,2005,81165,6718023
New South Wales,Assault,2006,82773,6786160
New South Wales,Assault,2007,84852,6883852
New South Wales,Assault,2008,79846,7001782
New South Wales,Assault,2009,75814,7101504
New South Wales,Assault,2010,73968,7179891
New South Wales,Assault,2011,71165,7258722
New South Wales,Assault,2012,68745,7353189
New South Wales,Assault,2013,68963,7454938
New South Wales,Assault,2014,65576,7562171
New South Wales,Assault,2015,65140,7671401
New South Wales,Assault,2016,65260,7795625
New South Wales,Assault,2017,65460,7900946
New South Wales,Assault,2018,66111,8003564
New South Wales,Assault,2019,67661,8088361
New South Wales,Assault,2020,64907,8094300
New South Wales,Assault,2021,64689,8117057
New South Wales,Assault,2022,69493,8264048
New South Wales,Assault,2023,76533,8437334
New South Wales,Assault,2024,79624,8541186
New South Wales,Sexual assault,1995,4159,6143971
New South Wales,Sexual assault,1996,5038,6214548
New South Wales,Sexual assault,1997,4660,6274966
New South Wales,Sexual assault,1998,4503,6338790
New South Wales,Sexual assault,1999,4427,6409971
New South Wales,Sexual assault,2000,5975,6485081
New South Wales,Sexual assault,2001,6268,6558484
New South Wales,Sexual assault,2002,6477,6599441
New South Wales,Sexual assault,2003,6799,6634509
New South Wales,Sexual assault,2004,7072,6669206
New South Wales,Sexual assault,2005,6826,6718023
New South Wales,Sexual assault,2006,6669,6786160
New South Wales,Sexual assault,2007,6787,6883852
New South Wales,Sexual assault,2008,7142,7001782
New South Wales,Sexual assault,2009,7080,7101504
New South Wales,Sexual assault,2010,7269,7179891
New South Wales,Sexual assault,2011,7024,7258722
New South Wales,Sexual assault,2012,7628,7353189
New South Wales,Sexual assault,2013,8121,7454938
New South Wales,Sexual assault,2014,8192,7562171
New South Wales,Sexual assault,2015,8603,7671401
New South Wales,Sexual assault,2016,8795,7795625
New South Wales,Sexual assault,2017,9847,7900946
New South Wales,Sexual assault,2018,10241,8003564
New South Wales,Sexual assault,2019,11009,8088361
New South Wales,Sexual assault,2020,11276,8094300
New South Wales,Sexual assault,2021,11485,8117057
New South Wales,Sexual assault,2022,12412,8264048
New South Wales,Sexual assault,2023,14708,8437334
New South Wales,Sexual assault,2024,16444,8541186
Victoria,Homicide and related offences,1995,110,4517353
Victoria,Homicide and related offences,1996,89,4552904
Victoria,Homicide and related offences,1997,112,4586156
Victoria,Homicide and related offences,1998,104,4629345
Victoria,Homicide and related offences,1999,122,4677581
Victoria,Homicide and related offences,2000,117,4730855
Victoria,Homicide and related offences,2001,110,4790212
Victoria,Homicide and related offences,2002,128,4845024
Victoria,Homicide and related offences,2003,123,4900176
Victoria,Homicide and related offences,2004,102,4957147
Victoria,Homicide and related offences,2005,115,5023203
Victoria,Homicide and related offences,2006,116,5103965
Victoria,Homicide and related offences,2007,103,5199503
Victoria,Homicide and related offences,2008,109,5313285
Victoria,Homicide and related offences,2009,124,5419249
Victoria,Homicide and related offences,2010,99,5495711
Victoria,Homicide and related offences,2011,96,5591818
Victoria,Homicide and related offences,2012,89,5709586
Victoria,Homicide and related offences,2013,82,5832585
Victoria,Homicide and related offences,2014,106,5957512
Victoria,Homicide and related offences,2015,98,6093049
Victoria,Homicide and related offences,2016,113,6235781
Victoria,Homicide and related offences,2017,145,6358210
Victoria,Homicide and related offences,2018,87,6479695
Victoria,Homicide and related offences,2019,103,6590050
Victoria,Homicide and related offences,2020,98,6567195
Victoria,Homicide and related offences,2021,84,6555013
Victoria,Homicide and related offences,2022,89,6700395
Victoria,Homicide and related offences,2023,88,6881068
Victoria,Homicide and related offences,2024,112,7007650
Victoria,Kidnapping/abduction,1995,98,4517353
Victoria,Kidnapping/abduction,1996,97,4552904
Victoria,Kidnapping/abduction,1997,97,4586156
Victoria,Kidnapping/abduction,1998,113,4629345
Victoria,Kidnapping/abduction,1999,123,4677581
Victoria,Kidnapping/abduction,2000,111,4730855
Victoria,Kidnapping/abduction,2001,116,4790212
Victoria,Kidnapping/abduction,2002,105,4845024
Victoria,Kidnapping/abduction,2003,96,4900176
Victoria,Kidnapping/abduction,2004,111,4957147
Victoria,Kidnapping/abduction,2005,124,5023203
Victoria,Kidnapping/abduction,2006,97,5103965
Victoria,Kidnapping/abduction,2007,105,5199503
Victoria,Kidnapping/abduction,2008,91,5313285
Victoria,Kidnapping/abduction,2009,65,5419249
Victoria,Kidnapping/abduction,2010,116,5495711
Victoria,Kidnapping/abduction,2011,108,5591818
Victoria,Kidnapping/abduction,2012,120,5709586
Victoria,Kidnapping/abduction,2013,138,5832585
Victoria,Kidnapping/abduction,2014,122,5957512
Victoria,Kidnapping/abduction,2015,127,6093049
Victoria,Kidnapping/abduction,2016,135,6235781
Victoria,Kidnapping/abduction,2017,137,6358210
Victoria,Kidnapping/abduction,2018,122,6479695
Victoria,Kidnapping/abduction,2019,156,6590050
Victoria,Kidnapping/abduction,2020,142,6567195
Victoria,Kidnapping/abduction,2021,146,6555013
Victoria,Kidnapping/abduction,2022,180,6700395
Victoria,Kidnapping/abduction,2023,136,6881068
Victoria,Kidnapping/abduction,2024,215,7007650
Victoria,Total Physical Offence,1995,208,4517353
Victoria,Total Physical Offence,1996,186,4552904
Victoria,Total Physical Offence,1997,209,4586156
Victoria,Total Physical Offence,1998,217,4629345
Victoria,Total Physical Offence,1999,245,4677581
Victoria,Total Physical Offence,2000,228,4730855
Victoria,Total Physical Offence,2001,226,4790212
Victoria,Total Physical Offence,2002,233,4845024
Victoria,Total Physical Offence,2003,219,4900176
Victoria,Total Physical Offence,2004,213,4957147
Victoria,Total Physical Offence,2005,239,5023203
Victoria,Total Physical Offence,2006,213,5103965
Victoria,Total Physical Offence,2007,208,5199503
Victoria,Total Physical Offence,2008,200,5313285
Victoria,Total Physical Offence,2009,189,5419249
Victoria,Total Physical Offence,2010,215,5495711
Victoria,Total Physical Offence,2011,204,5591818
Victoria,Total Physical Offence,2012,209,5709586
Victoria,Total Physical Offence,2013,220,5832585
Victoria,Total Physical Offence,2014,228,5957512
Victoria,Total Physical Offence,2015,225,6093049
Victoria,Total Physical Offence,2016,248,6235781
Victoria,Total Physical Offence,2017,282,6358210
Victoria,Total Physical Offence,2018,209,6479695
Victoria,Total Physical Offence,2019,259,6590050
Victoria,Total Physical Offence,2020,240,6567195
Victoria,Total Physical Offence,2021,230,6555013
Victoria,Total Physical Offence,2022,269,6700395
Victoria,Total Physical Offence,2023,224,6881068
Victoria,Total Physical Offence,2024,327,7007650
Victoria,Assault,1995,np,4517353
Victoria,Assault,1996,np,4552904
Victoria,Assault,1997,np,4586156
Victoria,Assault,1998,np,4629345
Victoria,Assault,1999,np,4677581
Victoria,Assault,2000,np,4730855
Victoria,Assault,2001,np,4790212
Victoria,Assault,2002,np,4845024
Victoria,Assault,2003,np,4900176
Victoria,Assault,2004,np,4957147
Victoria,Assault,2005,np,5023203
Victoria,Assault,2006,np,5103965
Victoria,Assault,2007,np,5199503
Victoria,Assault,2008,np,5313285
Victoria,Assault,2009,np,5419249
Victoria,Assault,2010,np,5495711
Victoria,Assault,2011,np,5591818
Victoria,Assault,2012,np,5709586
Victoria,Assault,2013,np,5832585
Victoria,Assault,2014,np,5957512
Victoria,Assault,2015,np,6093049
Victoria,Assault,2016,np,6235781
Victoria,Assault,2017,np,6358210
Victoria,Assault,2018,np,6479695
Victoria,Assault,2019,np,6590050
Victoria,Assault,2020,np,6567195
Victoria,Assault,2021,np,6555013
Victoria,Assault,2022,np,6700395
Victoria,Assault,2023,np,6881068
Victoria,Assault,2024,np,7007650
Victoria,Sexual assault,1995,2802,4517353
Victoria,Sexual assault,1996,2810,4552904
Victoria,Sexual assault,1997,3005,4586156
Victoria,Sexual assault,1998,3321,4629345
Victoria,Sexual assault,1999,3398,4677581
Victoria,Sexual assault,2000,3154,4730855
Victoria,Sexual assault,2001,3288,4790212
Victoria,Sexual assault,2002,3427,4845024
Victoria,Sexual assault,2003,3437,4900176
Victoria,Sexual assault,2004,3540,4957147
Victoria,Sexual assault,2005,3535,5023203
Victoria,Sexual assault,2006,4103,5103965
Victoria,Sexual assault,2007,4261,5199503
Victoria,Sexual assault,2008,4193,5313285
Victoria,Sexual assault,2009,3435,5419249
Victoria,Sexual assault,2010,3629,5495711
Victoria,Sexual assault,2011,4021,5591818
Victoria,Sexual assault,2012,4149,5709586
Victoria,Sexual assault,2013,3920,5832585
Victoria,Sexual assault,2014,4166,5957512
Victoria,Sexual assault,2015,4719,6093049
Victoria,Sexual assault,2016,5354,6235781
Victoria,Sexual assault,2017,6024,6358210
Victoria,Sexual assault,2018,5911,6479695
Victoria,Sexual assault,2019,5779,6590050
Victoria,Sexual assault,2020,5513,6567195
Victoria,Sexual assault,2021,6164,6555013
Victoria,Sexual assault,2022,6682,6700395
Victoria,Sexual assault,2023,6316,6881068
Victoria,Sexual assault,2024,7121,7007650
Queensland,Homicide and related offences,1995,193,3271743
Queensland,Homicide and related offences,1996,212,3330579
Queensland,Homicide and related offences,1997,199,3380394
Queensland,Homicide and related offences,1998,223,3427505
Queensland,Homicide and related offences,1999,189,3481034
Queensland,Homicide and related offences,2000,208,3537670
Queensland,Homicide and related offences,2001,234,3611203
Queensland,Homicide and related offences,2002,205,3700791
Queensland,Homicide and related offences,2003,179,3788560
Queensland,Homicide and related offences,2004,161,3872351
Queensland,Homicide and related offences,2005,134,3964175
Queensland,Homicide and related offences,2006,137,4055845
Queensland,Homicide and related offences,2007,129,4159990
Queensland,Homicide and related offences,2008,128,4275551
Queensland,Homicide and related offences,2009,136,4367454
Queensland,Homicide and related offences,2010,97,4436882
Queensland,Homicide and related offences,2011,99,4518649
Queensland,Homicide and related offences,2012,101,4611304
Queensland,Homicide and related offences,2013,92,4685439
Queensland,Homicide and related offences,2014,113,4747263
Queensland,Homicide and related offences,2015,101,4804933
Queensland,Homicide and related offences,2016,114,4882939
Queensland,Homicide and related offences,2017,90,4960965
Queensland,Homicide and related offences,2018,78,5046434
Queensland,Homicide and related offences,2019,103,5129741
Queensland,Homicide and related offences,2020,95,5184329
Queensland,Homicide and related offences,2021,82,5249672
Queensland,Homicide and related offences,2022,110,5376678
Queensland,Homicide and related offences,2023,111,5516476
Queensland,Homicide and related offences,2024,94,5619059
Queensland,Kidnapping/abduction,1995,76,3271743
Queensland,Kidnapping/abduction,1996,68,3330579
Queensland,Kidnapping/abduction,1997,108,3380394
Queensland,Kidnapping/abduction,1998,98,3427505
Queensland,Kidnapping/abduction,1999,93,3481034
Queensland,Kidnapping/abduction,2000,98,3537670
Queensland,Kidnapping/abduction,2001,75,3611203
Queensland,Kidnapping/abduction,2002,74,3700791
Queensland,Kidnapping/abduction,2003,92,3788560
Queensland,Kidnapping/abduction,2004,111,3872351
Queensland,Kidnapping/abduction,2005,83,3964175
Queensland,Kidnapping/abduction,2006,57,4055845
Queensland,Kidnapping/abduction,2007,71,4159990
Queensland,Kidnapping/abduction,2008,60,4275551
Queensland,Kidnapping/abduction,2009,46,4367454
Queensland,Kidnapping/abduction,2010,68,4436882
Queensland,Kidnapping/abduction,2011,71,4518649
Queensland,Kidnapping/abduction,2012,58,4611304
Queensland,Kidnapping/abduction,2013,54,4685439
Queensland,Kidnapping/abduction,2014,31,4747263
Queensland,Kidnapping/abduction,2015,28,4804933
Queensland,Kidnapping/abduction,2016,28,4882939
Queensland,Kidnapping/abduction,2017,39,4960965
Queensland,Kidnapping/abduction,2018,31,5046434
Queensland,Kidnapping/abduction,2019,59,5129741
Queensland,Kidnapping/abduction,2020,34,5184329
Queensland,Kidnapping/abduction,2021,26,5249672
Queensland,Kidnapping/abduction,2022,43,5376678
Queensland,Kidnapping/abduction,2023,37,5516476
Queensland,Kidnapping/abduction,2024,46,5619059
Queensland,Total Physical Offence,1995,269,3271743
Queensland,Total Physical Offence,1996,280,3330579
Queensland,Total Physical Offence,1997,307,3380394
Queensland,Total Physical Offence,1998,321,3427505
Queensland,Total Physical Offence,1999,282,3481034
Queensland,Total Physical Offence,2000,306,3537670
Queensland,Total Physical Offence,2001,309,3611203
Queensland,Total Physical Offence,2002,279,3700791
Queensland,Total Physical Offence,2003,271,3788560
Queensland,Total Physical Offence,2004,272,3872351
Queensland,Total Physical Offence,2005,217,3964175
Queensland,Total Physical Offence,2006,194,4055845
Queensland,Total Physical Offence,2007,200,4159990
Queensland,Total Physical Offence,2008,188,4275551
Queensland,Total Physical Offence,2009,182,4367454
Queensland,Total Physical Offence,2010,165,4436882
Queensland,Total Physical Offence,2011,170,4518649
Queensland,Total Physical Offence,2012,159,4611304
Queensland,Total Physical Offence,2013,146,4685439
Queensland,Total Physical Offence,2014,144,4747263
Queensland,Total Physical Offence,2015,129,4804933
Queensland,Total Physical Offence,2016,142,4882939
Queensland,Total Physical Offence,2017,129,4960965
Queensland,Total Physical Offence,2018,109,5046434
Queensland,Total Physical Offence,2019,162,5129741
Queensland,Total Physical Offence,2020,129,5184329
Queensland,Total Physical Offence,2021,108,5249672
Queensland,Total Physical Offence,2022,153,5376678
Queensland,Total Physical Offence,2023,148,5516476
Queensland,Total Physical Offence,2024,140,5619059
Queensland,Assault,1995,np,3271743
Queensland,Assault,1996,np,3330579
Queensland,Assault,1997,np,3380394
Queensland,Assault,1998,np,3427505
Queensland,Assault,1999,np,3481034
Queensland,Assault,2000,np,3537670
Queensland,Assault,2001,np,3611203
Queensland,Assault,2002,np,3700791
Queensland,Assault,2003,np,3788560
Queensland,Assault,2004,np,3872351
Queensland,Assault,2005,np,3964175
Queensland,Assault,2006,np,4055845
Queensland,Assault,2007,np,4159990
Queensland,Assault,2008,np,4275551
Queensland,Assault,2009,np,4367454
Queensland,Assault,2010,np,4436882
Queensland,Assault,2011,np,4518649
Queensland,Assault,2012,np,4611304
Queensland,Assault,2013,np,4685439
Queensland,Assault,2014,np,4747263
Queensland,Assault,2015,np,4804933
Queensland,Assault,2016,np,4882939
Queensland,Assault,2017,np,4960965
Queensland,Assault,2018,np,5046434
Queensland,Assault,2019,np,5129741
Queensland,Assault,2020,np,5184329
Queensland,Assault,2021,np,5249672
Queensland,Assault,2022,52375,5376678
Queensland,Assault,2023,58479,5516476
Queensland,Assault,2024,61644,5619059
Queensland,Sexual assault,1995,2503,3271743
Queensland,Sexual assault,1996,3032,3330579
Queensland,Sexual assault,1997,3334,3380394
Queensland,Sexual assault,1998,3484,3427505
Queensland,Sexual assault,1999,3552,3481034
Queensland,Sexual assault,2000,3755,3537670
Queensland,Sexual assault,2001,4087,3611203
Queensland,Sexual assault,2002,4800,3700791
Queensland,Sexual assault,2003,3793,3788560
Queensland,Sexual assault,2004,4257,3872351
Queensland,Sexual assault,2005,4153,3964175
Queensland,Sexual assault,2006,4604,4055845
Queensland,Sexual assault,2007,4376,4159990
Queensland,Sexual assault,2008,4439,4275551
Queensland,Sexual assault,2009,4386,4367454
Queensland,Sexual assault,2010,4239,4436882
Queensland,Sexual assault,2011,3899,4518649
Queensland,Sexual assault,2012,3913,4611304
Queensland,Sexual assault,2013,4019,4685439
Queensland,Sexual assault,2014,4063,4747263
Queensland,Sexual assault,2015,4199,4804933
Queensland,Sexual assault,2016,4349,4882939
Queensland,Sexual assault,2017,4751,4960965
Queensland,Sexual assault,2018,4849,5046434
Queensland,Sexual assault,2019,4859,5129741
Queensland,Sexual assault,2020,5120,5184329
Queensland,Sexual assault,2021,6891,5249672
Queensland,Sexual assault,2022,7431,5376678
Queensland,Sexual assault,2023,8442,5516476
Queensland,Sexual assault,2024,9326,5619059
South Australia,Homicide and related offences,1995,63,1466605
South Australia,Homicide and related offences,1996,50,1471997
South Australia,Homicide and related offences,1997,58,1479003
South Australia,Homicide and related offences,1998,54,1487042
South Australia,Homicide and related offences,1999,77,1495218
South Australia,Homicide and related offences,2000,70,1500129
South Australia,Homicide and related offences,2001,55,1507825
South Australia,Homicide and related offences,2002,66,1515723
South Australia,Homicide and related offences,2003,60,1524727
South Australia,Homicide and related offences,2004,78,1532562
South Australia,Homicide and related offences,2005,73,1544852
South Australia,Homicide and related offences,2006,52,1561300
South Australia,Homicide and related offences,2007,52,1578489
South Australia,Homicide and related offences,2008,62,1597880
South Australia,Homicide and related offences,2009,62,1618578
South Australia,Homicide and related offences,2010,34,1632482
South Australia,Homicide and related offences,2011,61,1647183
South Australia,Homicide and related offences,2012,51,1663082
South Australia,Homicide and related offences,2013,38,1678052
South Australia,Homicide and related offences,2014,37,1693107
South Australia,Homicide and related offences,2015,35,1705937
South Australia,Homicide and related offences,2016,40,1719580
South Australia,Homicide and related offences,2017,49,1735654
South Australia,Homicide and related offences,2018,29,1755715
South Australia,Homicide and related offences,2019,29,1778928
South Australia,Homicide and related offences,2020,28,1794514
South Australia,Homicide and related offences,2021,35,1807839
South Australia,Homicide and related offences,2022,29,1840187
South Australia,Homicide and related offences,2023,48,1870937
South Australia,Homicide and related offences,2024,35,1891270
South Australia,Kidnapping/abduction,1995,81,1466605
South Australia,Kidnapping/abduction,1996,38,1471997
South Australia,Kidnapping/abduction,1997,36,1479003
South Australia,Kidnapping/abduction,1998,30,1487042
South Australia,Kidnapping/abduction,1999,38,1495218
South Australia,Kidnapping/abduction,2000,46,1500129
South Australia,Kidnapping/abduction,2001,34,1507825
South Australia,Kidnapping/abduction,2002,30,1515723
South Australia,Kidnapping/abduction,2003,33,1524727
South Australia,Kidnapping/abduction,2004,36,1532562
South Australia,Kidnapping/abduction,2005,36,1544852
South Australia,Kidnapping/abduction,2006,61,1561300
South Australia,Kidnapping/abduction,2007,69,1578489
South Australia,Kidnapping/abduction,2008,60,1597880
South Australia,Kidnapping/abduction,2009,40,1618578
South Australia,Kidnapping/abduction,2010,65,1632482
South Australia,Kidnapping/abduction,2011,67,1647183
South Australia,Kidnapping/abduction,2012,78,1663082
South Australia,Kidnapping/abduction,2013,68,1678052
South Australia,Kidnapping/abduction,2014,67,1693107
South Australia,Kidnapping/abduction,2015,81,1705937
South Australia,Kidnapping/abduction,2016,77,1719580
South Australia,Kidnapping/abduction,2017,52,1735654
South Australia,Kidnapping/abduction,2018,64,1755715
South Australia,Kidnapping/abduction,2019,59,1778928
South Australia,Kidnapping/abduction,2020,45,1794514
South Australia,Kidnapping/abduction,2021,41,1807839
South Australia,Kidnapping/abduction,2022,41,1840187
South Australia,Kidnapping/abduction,2023,44,1870937
South Australia,Kidnapping/abduction,2024,37,1891270
South Australia,Total Physical Offence,1995,144,1466605
South Australia,Total Physical Offence,1996,88,1471997
South Australia,Total Physical Offence,1997,94,1479003
South Australia,Total Physical Offence,1998,84,1487042
South Australia,Total Physical Offence,1999,115,1495218
South Australia,Total Physical Offence,2000,116,1500129
South Australia,Total Physical Offence,2001,89,1507825
South Australia,Total Physical Offence,2002,96,1515723
South Australia,Total Physical Offence,2003,93,1524727
South Australia,Total Physical Offence,2004,114,1532562
South Australia,Total Physical Offence,2005,109,1544852
South Australia,Total Physical Offence,2006,113,1561300
South Australia,Total Physical Offence,2007,121,1578489
South Australia,Total Physical Offence,2008,122,1597880
South Australia,Total Physical Offence,2009,102,1618578
South Australia,Total Physical Offence,2010,99,1632482
South Australia,Total Physical Offence,2011,128,1647183
South Australia,Total Physical Offence,2012,129,1663082
South Australia,Total Physical Offence,2013,106,1678052
South Australia,Total Physical Offence,2014,104,1693107
South Australia,Total Physical Offence,2015,116,1705937
South Australia,Total Physical Offence,2016,117,1719580
South Australia,Total Physical Offence,2017,101,1735654
South Australia,Total Physical Offence,2018,93,1755715
South Australia,Total Physical Offence,2019,88,1778928
South Australia,Total Physical Offence,2020,73,1794514
South Australia,Total Physical Offence,2021,76,1807839
South Australia,Total Physical Offence,2022,70,1840187
South Australia,Total Physical Offence,2023,92,1870937
South Australia,Total Physical Offence,2024,72,1891270
South Australia,Assault,1995,13454,1466605
South Australia,Assault,1996,13266,1471997
South Australia,Assault,1997,13729,1479003
South Australia,Assault,1998,14886,1487042
South Australia,Assault,1999,13862,1495218
South Australia,Assault,2000,15424,1500129
South Australia,Assault,2001,16291,1507825
South Australia,Assault,2002,16542,1515723
South Australia,Assault,2003,16003,1524727
South Australia,Assault,2004,14881,1532562
South Australia,Assault,2005,15407,1544852
South Australia,Assault,2006,16176,1561300
South Australia,Assault,2007,16951,1578489
South Australia,Assault,2008,17132,1597880
South Australia,Assault,2009,16956,1618578
South Australia,Assault,2010,15901,1632482
South Australia,Assault,2011,16243,1647183
South Australia,Assault,2012,15163,1663082
South Australia,Assault,2013,15220,1678052
South Australia,Assault,2014,16005,1693107
South Australia,Assault,2015,17270,1705937
South Australia,Assault,2016,16978,1719580
South Australia,Assault,2017,16213,1735654
South Australia,Assault,2018,16580,1755715
South Australia,Assault,2019,16165,1778928
South Australia,Assault,2020,17226,1794514
South Australia,Assault,2021,18174,1807839
South Australia,Assault,2022,19741,1840187
South Australia,Assault,2023,21878,1870937
South Australia,Assault,2024,23374,1891270
South Australia,Sexual assault,1995,1357,1466605
South Australia,Sexual assault,1996,1360,1471997
South Australia,Sexual assault,1997,1219,1479003
South Australia,Sexual assault,1998,1307,1487042
South Australia,Sexual assault,1999,1319,1495218
South Australia,Sexual assault,2000,1462,1500129
South Australia,Sexual assault,2001,1579,1507825
South Australia,Sexual assault,2002,1624,1515723
South Australia,Sexual assault,2003,1849,1524727
South Australia,Sexual assault,2004,1794,1532562
South Australia,Sexual assault,2005,1652,1544852
South Australia,Sexual assault,2006,1515,1561300
South Australia,Sexual assault,2007,1676,1578489
South Australia,Sexual assault,2008,1586,1597880
South Australia,Sexual assault,2009,1565,1618578
South Australia,Sexual assault,2010,1363,1632482
South Australia,Sexual assault,2011,1355,1647183
South Australia,Sexual assault,2012,1335,1663082
South Australia,Sexual assault,2013,1359,1678052
South Australia,Sexual assault,2014,1545,1693107
South Australia,Sexual assault,2015,1590,1705937
South Australia,Sexual assault,2016,1521,1719580
South Australia,Sexual assault,2017,1584,1735654
South Australia,Sexual assault,2018,1611,1755715
South Australia,Sexual assault,2019,1550,1778928
South Australia,Sexual assault,2020,1625,1794514
South Australia,Sexual assault,2021,1783,1807839
South Australia,Sexual assault,2022,1816,1840187
South Australia,Sexual assault,2023,2014,1870937
South Australia,Sexual assault,2024,1958,1891270
Tasmania,Homicide and related offences,1995,14,475148
Tasmania,Homicide and related offences,1996,61,475529
Tasmania,Homicide and related offences,1997,11,474215
Tasmania,Homicide and related offences,1998,17,473450
Tasmania,Homicide and related offences,1999,7,473294
Tasmania,Homicide and related offences,2000,15,473200
Tasmania,Homicide and related offences,2001,20,473890
Tasmania,Homicide and related offences,2002,9,475998
Tasmania,Homicide and related offences,2003,12,481411
Tasmania,Homicide and related offences,2004,13,484778
Tasmania,Homicide and related offences,2005,14,488098
Tasmania,Homicide and related offences,2006,7,491515
Tasmania,Homicide and related offences,2007,11,495858
Tasmania,Homicide and related offences,2008,3,501774
Tasmania,Homicide and related offences,2009,12,506461
Tasmania,Homicide and related offences,2010,6,510219
Tasmania,Homicide and related offences,2011,11,511739
Tasmania,Homicide and related offences,2012,10,511813
Tasmania,Homicide and related offences,2013,13,513015
Tasmania,Homicide and related offences,2014,12,514040
Tasmania,Homicide and related offences,2015,8,515694
Tasmania,Homicide and related offences,2016,12,521981
Tasmania,Homicide and related offences,2017,5,531561
Tasmania,Homicide and related offences,2018,7,542927
Tasmania,Homicide and related offences,2019,7,553340
Tasmania,Homicide and related offences,2020,3,561881
Tasmania,Homicide and related offences,2021,11,569609
Tasmania,Homicide and related offences,2022,12,573343
Tasmania,Homicide and related offences,2023,14,574214
Tasmania,Homicide and related offences,2024,10,575481
Tasmania,Kidnapping/abduction,1995,0,475148
Tasmania,Kidnapping/abduction,1996,4,475529
Tasmania,Kidnapping/abduction,1997,3,474215
Tasmania,Kidnapping/abduction,1998,12,473450
Tasmania,Kidnapping/abduction,1999,0,473294
Tasmania,Kidnapping/abduction,2000,10,473200
Tasmania,Kidnapping/abduction,2001,14,473890
Tasmania,Kidnapping/abduction,2002,11,475998
Tasmania,Kidnapping/abduction,2003,3,481411
Tasmania,Kidnapping/abduction,2004,9,484778
Tasmania,Kidnapping/abduction,2005,6,488098
Tasmania,Kidnapping/abduction,2006,5,491515
Tasmania,Kidnapping/abduction,2007,3,495858
Tasmania,Kidnapping/abduction,2008,0,501774
Tasmania,Kidnapping/abduction,2009,3,506461
Tasmania,Kidnapping/abduction,2010,0,510219
Tasmania,Kidnapping/abduction,2011,0,511739
Tasmania,Kidnapping/abduction,2012,5,511813
Tasmania,Kidnapping/abduction,2013,0,513015
Tasmania,Kidnapping/abduction,2014,0,514040
Tasmania,Kidnapping/abduction,2015,0,515694
Tasmania,Kidnapping/abduction,2016,0,521981
Tasmania,Kidnapping/abduction,2017,0,531561
Tasmania,Kidnapping/abduction,2018,0,542927
Tasmania,Kidnapping/abduction,2019,3,553340
Tasmania,Kidnapping/abduction,2020,0,561881
Tasmania,Kidnapping/abduction,2021,0,569609
Tasmania,Kidnapping/abduction,2022,3,573343
Tasmania,Kidnapping/abduction,2023,3,574214
Tasmania,Kidnapping/abduction,2024,10,575481
Tasmania,Total Physical Offence,1995,14,475148
Tasmania,Total Physical Offence,1996,65,475529
Tasmania,Total Physical Offence,1997,14,474215
Tasmania,Total Physical Offence,1998,29,473450
Tasmania,Total Physical Offence,1999,7,473294
Tasmania,Total Physical Offence,2000,25,473200
Tasmania,Total Physical Offence,2001,34,473890
Tasmania,Total Physical Offence,2002,20,475998
Tasmania,Total Physical Offence,2003,15,481411
Tasmania,Total Physical Offence,2004,22,484778
Tasmania,Total Physical Offence,2005,20,488098
Tasmania,Total Physical Offence,2006,12,491515
Tasmania,Total Physical Offence,2007,14,495858
Tasmania,Total Physical Offence,2008,3,501774
Tasmania,Total Physical Offence,2009,15,506461
Tasmania,Total Physical Offence,2010,6,510219
Tasmania,Total Physical Offence,2011,11,511739
Tasmania,Total Physical Offence,2012,15,511813
Tasmania,Total Physical Offence,2013,13,513015
Tasmania,Total Physical Offence,2014,12,514040
Tasmania,Total Physical Offence,2015,8,515694
Tasmania,Total Physical Offence,2016,12,521981
Tasmania,Total Physical Offence,2017,5,531561
Tasmania,Total Physical Offence,2018,7,542927
Tasmania,Total Physical Offence,2019,10,553340
Tasmania,Total Physical Offence,2020,3,561881
Tasmania,Total Physical Offence,2021,11,569609
Tasmania,Total Physical Offence,2022,15,573343
Tasmania,Total Physical Offence,2023,17,574214
Tasmania,Total Physical Offence,2024,20,575481
Tasmania,Assault,1995,2041,475148
Tasmania,Assault,1996,2219,475529
Tasmania,Assault,1997,1980,474215
Tasmania,Assault,1998,2234,473450
Tasmania,Assault,1999,2566,473294
Tasmania,Assault,2000,2720,473200
Tasmania,Assault,2001,3485,473890
Tasmania,Assault,2002,3647,475998
Tasmania,Assault,2003,3767,481411
Tasmania,Assault,2004,3974,484778
Tasmania,Assault,2005,4550,488098
Tasmania,Assault,2006,4120,491515
Tasmania,Assault,2007,4061,495858
Tasmania,Assault,2008,3735,501774
Tasmania,Assault,2009,3533,506461
Tasmania,Assault,2010,np,510219
Tasmania,Assault,2011,np,511739
Tasmania,Assault,2012,np,511813
Tasmania,Assault,2013,np,513015
Tasmania,Assault,2014,2754,514040
Tasmania,Assault,2015,2932,515694
Tasmania,Assault,2016,2944,521981
Tasmania,Assault,2017,3193,531561
Tasmania,Assault,2018,3256,542927
Tasmania,Assault,2019,3365,553340
Tasmania,Assault,2020,3419,561881
Tasmania,Assault,2021,3573,569609
Tasmania,Assault,2022,3782,573343
Tasmania,Assault,2023,4096,574214
Tasmania,Assault,2024,4412,575481
Tasmania,Sexual assault,1995,162,475148
Tasmania,Sexual assault,1996,163,475529
Tasmania,Sexual assault,1997,199,474215
Tasmania,Sexual assault,1998,215,473450
Tasmania,Sexual assault,1999,195,473294
Tasmania,Sexual assault,2000,191,473200
Tasmania,Sexual assault,2001,207,473890
Tasmania,Sexual assault,2002,251,475998
Tasmania,Sexual assault,2003,276,481411
Tasmania,Sexual assault,2004,294,484778
Tasmania,Sexual assault,2005,266,488098
Tasmania,Sexual assault,2006,298,491515
Tasmania,Sexual assault,2007,252,495858
Tasmania,Sexual assault,2008,197,501774
Tasmania,Sexual assault,2009,142,506461
Tasmania,Sexual assault,2010,177,510219
Tasmania,Sexual assault,2011,148,511739
Tasmania,Sexual assault,2012,123,511813
Tasmania,Sexual assault,2013,187,513015
Tasmania,Sexual assault,2014,227,514040
Tasmania,Sexual assault,2015,186,515694
Tasmania,Sexual assault,2016,213,521981
Tasmania,Sexual assault,2017,213,531561
Tasmania,Sexual assault,2018,199,542927
Tasmania,Sexual assault,2019,211,553340
Tasmania,Sexual assault,2020,307,561881
Tasmania,Sexual assault,2021,493,569609
Tasmania,Sexual assault,2022,576,573343
Tasmania,Sexual assault,2023,597,574214
Tasmania,Sexual assault,2024,567,575481
Northern Territory,Homicide and related offences,1995,26,182829
Northern Territory,Homicide and related offences,1996,28,187342
Northern Territory,Homicide and related offences,1997,16,191259
Northern Territory,Homicide and related offences,1998,20,194390
Northern Territory,Homicide and related offences,1999,17,197757
Northern Territory,Homicide and related offences,2000,27,200045
Northern Territory,Homicide and related offences,2001,22,201751
Northern Territory,Homicide and related offences,2002,33,201549
Northern Territory,Homicide and related offences,2003,18,201708
Northern Territory,Homicide and related offences,2004,28,203857
Northern Territory,Homicide and related offences,2005,28,207385
Northern Territory,Homicide and related offences,2006,23,211029
Northern Territory,Homicide and related offences,2007,23,216618
Northern Territory,Homicide and related offences,2008,27,222526
Northern Territory,Homicide and related offences,2009,16,227783
Northern Territory,Homicide and related offences,2010,27,230299
Northern Territory,Homicide and related offences,2011,13,232952
Northern Territory,Homicide and related offences,2012,21,238728
Northern Territory,Homicide and related offences,2013,25,242304
Northern Territory,Homicide and related offences,2014,13,242753
Northern Territory,Homicide and related offences,2015,16,244090
Northern Territory,Homicide and related offences,2016,8,246065
Northern Territory,Homicide and related offences,2017,8,246862
Northern Territory,Homicide and related offences,2018,9,245920
Northern Territory,Homicide and related offences,2019,11,246213
Northern Territory,Homicide and related offences,2020,12,247819
Northern Territory,Homicide and related offences,2021,13,250500
Northern Territory,Homicide and related offences,2022,15,255294
Northern Territory,Homicide and related offences,2023,11,259143
Northern Territory,Homicide and related offences,2024,9,262254
Northern Territory,Kidnapping/abduction,1995,5,182829
Northern Territory,Kidnapping/abduction,1996,0,187342
Northern Territory,Kidnapping/abduction,1997,0,191259
Northern Territory,Kidnapping/abduction,1998,0,194390
Northern Territory,Kidnapping/abduction,1999,0,197757
Northern Territory,Kidnapping/abduction,2000,0,200045
Northern Territory,Kidnapping/abduction,2001,3,201751
Northern Territory,Kidnapping/abduction,2002,3,201549
Northern Territory,Kidnapping/abduction,2003,0,201708
Northern Territory,Kidnapping/abduction,2004,7,203857
Northern Territory,Kidnapping/abduction,2005,0,207385
Northern Territory,Kidnapping/abduction,2006,8,211029
Northern Territory,Kidnapping/abduction,2007,0,216618
Northern Territory,Kidnapping/abduction,2008,4,222526
Northern Territory,Kidnapping/abduction,2009,4,227783
Northern Territory,Kidnapping/abduction,2010,0,230299
Northern Territory,Kidnapping/abduction,2011,3,232952
Northern Territory,Kidnapping/abduction,2012,0,238728
Northern Territory,Kidnapping/abduction,2013,0,242304
Northern Territory,Kidnapping/abduction,2014,0,242753
Northern Territory,Kidnapping/abduction,2015,5,244090
Northern Territory,Kidnapping/abduction,2016,0,246065
Northern Territory,Kidnapping/abduction,2017,0,246862
Northern Territory,Kidnapping/abduction,2018,0,245920
Northern Territory,Kidnapping/abduction,2019,0,246213
Northern Territory,Kidnapping/abduction,2020,0,247819
Northern Territory,Kidnapping/abduction,2021,0,250500
Northern Territory,Kidnapping/abduction,2022,5,255294
Northern Territory,Kidnapping/abduction,2023,0,259143
Northern Territory,Kidnapping/abduction,2024,9,262254
Northern Territory,Total Physical Offence,1995,31,182829
Northern Territory,Total Physical Offence,1996,28,187342
Northern Territory,Total Physical Offence,1997,16,191259
Northern Territory,Total Physical Offence,1998,20,194390
Northern Territory,Total Physical Offence,1999,17,197757
Northern Territory,Total Physical Offence,2000,27,200045
Northern Territory,Total Physical Offence,2001,25,201751
Northern Territory,Total Physical Offence,2002,36,201549
Northern Territory,Total Physical Offence,2003,18,201708
Northern Territory,Total Physical Offence,2004,35,203857
Northern Territory,Total Physical Offence,2005,28,207385
Northern Territory,Total Physical Offence,2006,31,211029
Northern Territory,Total Physical Offence,2007,23,216618
Northern Territory,Total Physical Offence,2008,31,222526
Northern Territory,Total Physical Offence,2009,20,227783
Northern Territory,Total Physical Offence,2010,27,230299
Northern Territory,Total Physical Offence,2011,16,232952
Northern Territory,Total Physical Offence,2012,21,238728
Northern Territory,Total Physical Offence,2013,25,242304
Northern Territory,Total Physical Offence,2014,13,242753
Northern Territory,Total Physical Offence,2015,21,244090
Northern Territory,Total Physical Offence,2016,8,246065
Northern Territory,Total Physical Offence,2017,8,246862
Northern Territory,Total Physical Offence,2018,9,245920
Northern Territory,Total Physical Offence,2019,11,246213
Northern Territory,Total Physical Offence,2020,12,247819
Northern Territory,Total Physical Offence,2021,13,250500
Northern Territory,Total Physical Offence,2022,20,255294
Northern Territory,Total Physical Offence,2023,11,259143
Northern Territory,Total Physical Offence,2024,18,262254
Northern Territory,Assault,1995,2473,182829
Northern Territory,Assault,1996,2628,187342
Northern Territory,Assault,1997,2576,191259
Northern Territory,Assault,1998,2503,194390
Northern Territory,Assault,1999,2567,197757
Northern Territory,Assault,2000,2938,200045
Northern Territory,Assault,2001,2950,201751
Northern Territory,Assault,2002,3428,201549
Northern Territory,Assault,2003,3708,201708
Northern Territory,Assault,2004,3384,203857
Northern Territory,Assault,2005,3979,207385
Northern Territory,Assault,2006,4348,211029
Northern Territory,Assault,2007,5161,216618
Northern Territory,Assault,2008,5262,222526
Northern Territory,Assault,2009,6488,227783
Northern Territory,Assault,2010,6883,230299
Northern Territory,Assault,2011,6749,232952
Northern Territory,Assault,2012,7111,238728
Northern Territory,Assault,2013,7967,242304
Northern Territory,Assault,2014,7251,242753
Northern Territory,Assault,2015,6987,244090
Northern Territory,Assault,2016,6832,246065
Northern Territory,Assault,2017,7715,246862
Northern Territory,Assault,2018,7365,245920
Northern Territory,Assault,2019,6730,246213
Northern Territory,Assault,2020,8200,247819
Northern Territory,Assault,2021,9054,250500
Northern Territory,Assault,2022,10427,255294
Northern Territory,Assault,2023,11902,259143
Northern Territory,Assault,2024,11694,262254
Northern Territory,Sexual assault,1995,266,182829
Northern Territory,Sexual assault,1996,280,187342
Northern Territory,Sexual assault,1997,269,191259
Northern Territory,Sexual assault,1998,233,194390
Northern Territory,Sexual assault,1999,164,197757
Northern Territory,Sexual assault,2000,219,200045
Northern Territory,Sexual assault,2001,288,201751
Northern Territory,Sexual assault,2002,331,201549
Northern Territory,Sexual assault,2003,325,201708
Northern Territory,Sexual assault,2004,338,203857
Northern Territory,Sexual assault,2005,309,207385
Northern Territory,Sexual assault,2006,322,211029
Northern Territory,Sexual assault,2007,337,216618
Northern Territory,Sexual assault,2008,374,222526
Northern Territory,Sexual assault,2009,404,227783
Northern Territory,Sexual assault,2010,328,230299
Northern Territory,Sexual assault,2011,315,232952
Northern Territory,Sexual assault,2012,325,238728
Northern Territory,Sexual assault,2013,366,242304
Northern Territory,Sexual assault,2014,401,242753
Northern Territory,Sexual assault,2015,401,244090
Northern Territory,Sexual assault,2016,378,246065
Northern Territory,Sexual assault,2017,426,246862
Northern Territory,Sexual assault,2018,360,245920
Northern Territory,Sexual assault,2019,354,246213
Northern Territory,Sexual assault,2020,370,247819
Northern Territory,Sexual assault,2021,355,250500
Northern Territory,Sexual assault,2022,362,255294
Northern Territory,Sexual assault,2023,472,259143
Northern Territory,Sexual assault,2024,516,262254
Australian Capital Territory,Homicide and related offences,1995,5,307022
Australian Capital Territory,Homicide and related offences,1996,3,310655
Australian Capital Territory,Homicide and related offences,1997,6,310281
Australian Capital Territory,Homicide and related offences,1998,3,312300
Australian Capital Territory,Homicide and related offences,1999,3,315431
Australian Capital Territory,Homicide and related offences,2000,3,318941
Australian Capital Territory,Homicide and related offences,2001,0,322874
Australian Capital Territory,Homicide and related offences,2002,4,325950
Australian Capital Territory,Homicide and related offences,2003,4,327596
Australian Capital Territory,Homicide and related offences,2004,8,329498
Australian Capital Territory,Homicide and related offences,2005,3,333505
Australian Capital Territory,Homicide and related offences,2006,4,338381
Australian Capital Territory,Homicide and related offences,2007,6,344176
Australian Capital Territory,Homicide and related offences,2008,8,351101
Australian Capital Territory,Homicide and related offences,2009,3,357859
Australian Capital Territory,Homicide and related offences,2010,3,364833
Australian Capital Territory,Homicide and related offences,2011,3,372070
Australian Capital Territory,Homicide and related offences,2012,4,379812
Australian Capital Territory,Homicide and related offences,2013,3,386318
Australian Capital Territory,Homicide and related offences,2014,4,391981
Australian Capital Territory,Homicide and related offences,2015,7,398874
Australian Capital Territory,Homicide and related offences,2016,5,408878
Australian Capital Territory,Homicide and related offences,2017,12,420226
Australian Capital Territory,Homicide and related offences,2018,4,430758
Australian Capital Territory,Homicide and related offences,2019,6,440267
Australian Capital Territory,Homicide and related offences,2020,4,447650
Australian Capital Territory,Homicide and related offences,2021,12,456005
Australian Capital Territory,Homicide and related offences,2022,9,465873
Australian Capital Territory,Homicide and related offences,2023,3,474862
Australian Capital Territory,Homicide and related offences,2024,7,481344
Australian Capital Territory,Kidnapping/abduction,1995,0,307022
Australian Capital Territory,Kidnapping/abduction,1996,3,310655
Australian Capital Territory,Kidnapping/abduction,1997,8,310281
Australian Capital Territory,Kidnapping/abduction,1998,3,312300
Australian Capital Territory,Kidnapping/abduction,1999,9,315431
Australian Capital Territory,Kidnapping/abduction,2000,3,318941
Australian Capital Territory,Kidnapping/abduction,2001,5,322874
Australian Capital Territory,Kidnapping/abduction,2002,13,325950
Australian Capital Territory,Kidnapping/abduction,2003,3,327596
Australian Capital Territory,Kidnapping/abduction,2004,7,329498
Australian Capital Territory,Kidnapping/abduction,2005,0,333505
Australian Capital Territory,Kidnapping/abduction,2006,4,338381
Australian Capital Territory,Kidnapping/abduction,2007,7,344176
Australian Capital Territory,Kidnapping/abduction,2008,7,351101
Australian Capital Territory,Kidnapping/abduction,2009,11,357859
Australian Capital Territory,Kidnapping/abduction,2010,0,364833
Australian Capital Territory,Kidnapping/abduction,2011,4,372070
Australian Capital Territory,Kidnapping/abduction,2012,6,379812
Australian Capital Territory,Kidnapping/abduction,2013,6,386318
Australian Capital Territory,Kidnapping/abduction,2014,4,391981
Australian Capital Territory,Kidnapping/abduction,2015,4,398874
Australian Capital Territory,Kidnapping/abduction,2016,3,408878
Australian Capital Territory,Kidnapping/abduction,2017,3,420226
Australian Capital Territory,Kidnapping/abduction,2018,6,430758
Australian Capital Territory,Kidnapping/abduction,2019,7,440267
Australian Capital Territory,Kidnapping/abduction,2020,3,447650
Australian Capital Territory,Kidnapping/abduction,2021,0,456005
Australian Capital Territory,Kidnapping/abduction,2022,3,465873
Australian Capital Territory,Kidnapping/abduction,2023,0,474862
Australian Capital Territory,Kidnapping/abduction,2024,3,481344
Australian Capital Territory,Total Physical Offence,1995,5,307022
Australian Capital Territory,Total Physical Offence,1996,6,310655
Australian Capital Territory,Total Physical Offence,1997,14,310281
Australian Capital Territory,Total Physical Offence,1998,6,312300
Australian Capital Territory,Total Physical Offence,1999,12,315431
Australian Capital Territory,Total Physical Offence,2000,6,318941
Australian Capital Territory,Total Physical Offence,2001,5,322874
Australian Capital Territory,Total Physical Offence,2002,17,325950
Australian Capital Territory,Total Physical Offence,2003,7,327596
Australian Capital Territory,Total Physical Offence,2004,15,329498
Australian Capital Territory,Total Physical Offence,2005,3,333505
Australian Capital Territory,Total Physical Offence,2006,8,338381
Australian Capital Territory,Total Physical Offence,2007,13,344176
Australian Capital Territory,Total Physical Offence,2008,15,351101
Australian Capital Territory,Total Physical Offence,2009,14,357859
Australian Capital Territory,Total Physical Offence,2010,3,364833
Australian Capital Territory,Total Physical Offence,2011,7,372070
Australian Capital Territory,Total Physical Offence,2012,10,379812
Australian Capital Territory,Total Physical Offence,2013,9,386318
Australian Capital Territory,Total Physical Offence,2014,8,391981
Australian Capital Territory,Total Physical Offence,2015,11,398874
Australian Capital Territory,Total Physical Offence,2016,8,408878
Australian Capital Territory,Total Physical Offence,2017,15,420226
Australian Capital Territory,Total Physical Offence,2018,10,430758
Australian Capital Territory,Total Physical Offence,2019,13,440267
Australian Capital Territory,Total Physical Offence,2020,7,447650
Australian Capital Territory,Total Physical Offence,2021,12,456005
Australian Capital Territory,Total Physical Offence,2022,12,465873
Australian Capital Territory,Total Physical Offence,2023,3,474862
Australian Capital Territory,Total Physical Offence,2024,10,481344
Australian Capital Territory,Assault,1995,np,307022
Australian Capital Territory,Assault,1996,1806,310655
Australian Capital Territory,Assault,1997,1689,310281
Australian Capital Territory,Assault,1998,1665,312300
Australian Capital Territory,Assault,1999,1684,315431
Australian Capital Territory,Assault,2000,1744,318941
Australian Capital Territory,Assault,2001,1955,322874
Australian Capital Territory,Assault,2002,1989,325950
Australian Capital Territory,Assault,2003,2001,327596
Australian Capital Territory,Assault,2004,1768,329498
Australian Capital Territory,Assault,2005,1771,333505
Australian Capital Territory,Assault,2006,1968,338381
Australian Capital Territory,Assault,2007,2195,344176
Australian Capital Territory,Assault,2008,2336,351101
Australian Capital Territory,Assault,2009,2257,357859
Australian Capital Territory,Assault,2010,2352,364833
Australian Capital Territory,Assault,2011,2237,372070
Australian Capital Territory,Assault,2012,2025,379812
Australian Capital Territory,Assault,2013,1840,386318
Australian Capital Territory,Assault,2014,1728,391981
Australian Capital Territory,Assault,2015,1919,398874
Australian Capital Territory,Assault,2016,2327,408878
Australian Capital Territory,Assault,2017,2364,420226
Australian Capital Territory,Assault,2018,2343,430758
Australian Capital Territory,Assault,2019,2399,440267
Australian Capital Territory,Assault,2020,2215,447650
Australian Capital Territory,Assault,2021,2314,456005
Australian Capital Territory,Assault,2022,2460,465873
Australian Capital Territory,Assault,2023,2628,474862
Australian Capital Territory,Assault,2024,2482,481344
Australian Capital Territory,Sexual assault,1995,78,307022
Australian Capital Territory,Sexual assault,1996,118,310655
Australian Capital Territory,Sexual assault,1997,112,310281
Australian Capital Territory,Sexual assault,1998,84,312300
Australian Capital Territory,Sexual assault,1999,95,315431
Australian Capital Territory,Sexual assault,2000,119,318941
Australian Capital Territory,Sexual assault,2001,179,322874
Australian Capital Territory,Sexual assault,2002,184,325950
Australian Capital Territory,Sexual assault,2003,167,327596
Australian Capital Territory,Sexual assault,2004,223,329498
Australian Capital Territory,Sexual assault,2005,166,333505
Australian Capital Territory,Sexual assault,2006,216,338381
Australian Capital Territory,Sexual assault,2007,279,344176
Australian Capital Territory,Sexual assault,2008,236,351101
Australian Capital Territory,Sexual assault,2009,220,357859
Australian Capital Territory,Sexual assault,2010,193,364833
Australian Capital Territory,Sexual assault,2011,222,372070
Australian Capital Territory,Sexual assault,2012,202,379812
Australian Capital Territory,Sexual assault,2013,237,386318
Australian Capital Territory,Sexual assault,2014,203,391981
Australian Capital Territory,Sexual assault,2015,240,398874
Australian Capital Territory,Sexual assault,2016,272,408878
Australian Capital Territory,Sexual assault,2017,266,420226
Australian Capital Territory,Sexual assault,2018,278,430758
Australian Capital Territory,Sexual assault,2019,327,440267
Australian Capital Territory,Sexual assault,2020,289,447650
Australian Capital Territory,Sexual assault,2021,341,456005
Australian Capital Territory,Sexual assault,2022,325,465873
Australian Capital Territory,Sexual assault,2023,372,474862
Australian Capital Territory,Sexual assault,2024,428,481344
Western Australia,Homicide and related offences,1995,71,1751933
Western Australia,Homicide and related offences,1996,48,1783556
Western Australia,Homicide and related offences,1997,60,1810928
Western Australia,Homicide and related offences,1998,63,1840078
Western Australia,Homicide and related offences,1999,55,1866265
Western Australia,Homicide and related offences,2000,61,1892531
Western Australia,Homicide and related offences,2001,45,1917752
Western Australia,Homicide and related offences,2002,66,1938610
Western Australia,Homicide and related offences,2003,60,1966130
Western Australia,Homicide and related offences,2004,69,1994241
Western Australia,Homicide and related offences,2005,56,2029936
Western Australia,Homicide and related offences,2006,52,2076867
Western Australia,Homicide and related offences,2007,45,2135006
Western Australia,Homicide and related offences,2008,41,2208928
Western Australia,Homicide and related offences,2009,33,2263747
Western Australia,Homicide and related offences,2010,58,2319063
Western Australia,Homicide and related offences,2011,43,2385947
Western Australia,Homicide and related offences,2012,55,2457489
Western Australia,Homicide and related offences,2013,47,2502188
Western Australia,Homicide and related offences,2014,36,2528619
Western Australia,Homicide and related offences,2015,48,2547745
Western Australia,Homicide and related offences,2016,61,2569606
Western Australia,Homicide and related offences,2017,49,2599928
Western Australia,Homicide and related offences,2018,63,2636404
Western Australia,Homicide and related offences,2019,44,2688799
Western Australia,Homicide and related offences,2020,59,2728187
Western Australia,Homicide and related offences,2021,48,2763240
Western Australia,Homicide and related offences,2022,49,2839523
Western Australia,Homicide and related offences,2023,68,2937647
Western Australia,Homicide and related offences,2024,55,3009399
Western Australia,Kidnapping/abduction,1995,32,1751933
Western Australia,Kidnapping/abduction,1996,56,1783556
Western Australia,Kidnapping/abduction,1997,40,1810928
Western Australia,Kidnapping/abduction,1998,69,1840078
Western Australia,Kidnapping/abduction,1999,47,1866265
Western Australia,Kidnapping/abduction,2000,47,1892531
Western Australia,Kidnapping/abduction,2001,45,1917752
Western Australia,Kidnapping/abduction,2002,37,1938610
Western Australia,Kidnapping/abduction,2003,33,1966130
Western Australia,Kidnapping/abduction,2004,27,1994241
Western Australia,Kidnapping/abduction,2005,18,2029936
Western Australia,Kidnapping/abduction,2006,46,2076867
Western Australia,Kidnapping/abduction,2007,39,2135006
Western Australia,Kidnapping/abduction,2008,31,2208928
Western Australia,Kidnapping/abduction,2009,25,2263747
Western Australia,Kidnapping/abduction,2010,19,2319063
Western Australia,Kidnapping/abduction,2011,21,2385947
Western Australia,Kidnapping/abduction,2012,24,2457489
Western Australia,Kidnapping/abduction,2013,19,2502188
Western Australia,Kidnapping/abduction,2014,23,2528619
Western Australia,Kidnapping/abduction,2015,29,2547745
Western Australia,Kidnapping/abduction,2016,27,2569606
Western Australia,Kidnapping/abduction,2017,21,2599928
Western Australia,Kidnapping/abduction,2018,7,2636404
Western Australia,Kidnapping/abduction,2019,23,2688799
Western Australia,Kidnapping/abduction,2020,16,2728187
Western Australia,Kidnapping/abduction,2021,14,2763240
Western Australia,Kidnapping/abduction,2022,24,2839523
Western Australia,Kidnapping/abduction,2023,19,2937647
Western Australia,Kidnapping/abduction,2024,17,3009399
Western Australia,Total Physical Offence,1995,103,1751933
Western Australia,Total Physical Offence,1996,104,1783556
Western Australia,Total Physical Offence,1997,100,1810928
Western Australia,Total Physical Offence,1998,132,1840078
Western Australia,Total Physical Offence,1999,102,1866265
Western Australia,Total Physical Offence,2000,108,1892531
Western Australia,Total Physical Offence,2001,90,1917752
Western Australia,Total Physical Offence,2002,103,1938610
Western Australia,Total Physical Offence,2003,93,1966130
Western Australia,Total Physical Offence,2004,96,1994241
Western Australia,Total Physical Offence,2005,74,2029936
Western Australia,Total Physical Offence,2006,98,2076867
Western Australia,Total Physical Offence,2007,84,2135006
Western Australia,Total Physical Offence,2008,72,2208928
Western Australia,Total Physical Offence,2009,58,2263747
Western Australia,Total Physical Offence,2010,77,2319063
Western Australia,Total Physical Offence,2011,64,2385947
Western Australia,Total Physical Offence,2012,79,2457489
Western Australia,Total Physical Offence,2013,66,2502188
Western Australia,Total Physical Offence,2014,59,2528619
Western Australia,Total Physical Offence,2015,77,2547745
Western Australia,Total Physical Offence,2016,88,2569606
Western Australia,Total Physical Offence,2017,70,2599928
Western Australia,Total Physical Offence,2018,70,2636404
Western Australia,Total Physical Offence,2019,67,2688799
Western Australia,Total Physical Offence,2020,75,2728187
Western Australia,Total Physical Offence,2021,62,2763240
Western Australia,Total Physical Offence,2022,73,2839523
Western Australia,Total Physical Offence,2023,87,2937647
Western Australia,Total Physical Offence,2024,72,3009399
Western Australia,Assault,1995,10993,1751933
Western Australia,Assault,1996,12343,1783556
Western Australia,Assault,1997,13795,1810928
Western Australia,Assault,1998,14222,1840078
Western Australia,Assault,1999,14231,1866265
Western Australia,Assault,2000,14136,1892531
Western Australia,Assault,2001,15180,1917752
Western Australia,Assault,2002,15280,1938610
Western Australia,Assault,2003,15327,1966130
Western Australia,Assault,2004,18271,1994241
Western Australia,Assault,2005,20387,2029936
Western Australia,Assault,2006,21961,2076867
Western Australia,Assault,2007,21442,2135006
Western Australia,Assault,2008,21144,2208928
Western Australia,Assault,2009,21965,2263747
Western Australia,Assault,2010,20925,2319063
Western Australia,Assault,2011,21597,2385947
Western Australia,Assault,2012,23120,2457489
Western Australia,Assault,2013,25307,2502188
Western Australia,Assault,2014,24996,2528619
Western Australia,Assault,2015,29351,2547745
Western Australia,Assault,2016,32252,2569606
Western Australia,Assault,2017,30578,2599928
Western Australia,Assault,2018,29858,2636404
Western Australia,Assault,2019,31097,2688799
Western Australia,Assault,2020,34191,2728187
Western Australia,Assault,2021,36177,2763240
Western Australia,Assault,2022,38743,2839523
Western Australia,Assault,2023,42826,2937647
Western Australia,Assault,2024,47045,3009399
Western Australia,Sexual assault,1995,1780,1751933
Western Australia,Sexual assault,1996,1757,1783556
Western Australia,Sexual assault,1997,1613,1810928
Western Australia,Sexual assault,1998,1510,1840078
Western Australia,Sexual assault,1999,1554,1866265
Western Australia,Sexual assault,2000,1532,1892531
Western Australia,Sexual assault,2001,1684,1917752
Western Australia,Sexual assault,2002,1617,1938610
Western Australia,Sexual assault,2003,1388,1966130
Western Australia,Sexual assault,2004,1644,1994241
Western Australia,Sexual assault,2005,1792,2029936
Western Australia,Sexual assault,2006,1822,2076867
Western Australia,Sexual assault,2007,1991,2135006
Western Australia,Sexual assault,2008,1834,2208928
Western Australia,Sexual assault,2009,1712,2263747
Western Australia,Sexual assault,2010,1654,2319063
Western Australia,Sexual assault,2011,1630,2385947
Western Australia,Sexual assault,2012,1773,2457489
Western Australia,Sexual assault,2013,1825,2502188
Western Australia,Sexual assault,2014,1942,2528619
Western Australia,Sexual assault,2015,2012,2547745
Western Australia,Sexual assault,2016,2157,2569606
Western Australia,Sexual assault,2017,2724,2599928
Western Australia,Sexual assault,2018,2879,2636404
Western Australia,Sexual assault,2019,2769,2688799
Western Australia,Sexual assault,2020,3048,2728187
Western Australia,Sexual assault,2021,3564,2763240
Western Australia,Sexual assault,2022,3158,2839523
Western Australia,Sexual assault,2023,3429,2937647
Western Australia,Sexual assault,2024,3721,3009399
